title,content
我的女孩,這部青春成長的迷人影集，講述了一個11歲女孩的夏天生活，她在面對巨大變化時，學會了愛與失去。
銀龍菲爾德雷克,當他的家受到人類威脅時，一隻年輕的龍鼓起勇氣尋找一個神話般的天堂，讓龍可以在那裡和平地生活並自由飛翔。
潛行凶間,一名麻煩的小偷從人們的夢中提取秘密，最後接下一個危險任務：領導一個危險的行動，將一個想法植入目標的潛意識中。
成為牛仔的秘訣,戴爾·布里斯比利用社交媒體智慧和騎牛技能來保持牛仔傳統的活力-現在他正在教世界如何做一個真正的牛仔，老兄。
祈禱改變,前領袖和倖存者們談及所謂的“改變治療”運動對 LGBTQ+ 社群的傷害，以及其毀滅性的持續影響。
牛奶之水,這部影集講述了一名毫無目標的20多歲的米洛，衝動地成為一名同志男子的代孕母親，並與自己非傳統決定的情感複雜性搏鬥。
救命金鈴,從中學到大學，好朋友Zack、Kelly、Slater、Jessie、Screech和Lisa在這部熱門影集中一起面對生活的高峰和低谷。
女老闆：傑姬·柯林斯的故事,性感女王還是女權先鋒？傳奇小說家傑姬·柯林斯展現了大膽的性愛正能量形象，同時隱藏了她的私人掙扎。
銀翼殺手：最終版,"在一個充滿霧霾的末日洛杉磯，刀具鍵匙里克·戴卡德被召回退休，要去擊殺四名逃脫的""仿生人""。"
紙房子,八名小偷攔截人質，並將自己鎖在西班牙皇家造幣廠，一名犯罪頭腦操控警方執行他的計畫。
十七歲的邊緣,一名麻煩的青少年發現，當她發現她的童年好友和她受歡迎的哥哥勾搭在一起後，高中生活變得更加難熬。
芝加哥派對阿姨,《芝加哥派對阿姨》是一部以迪安為主角的影集，她是一個備受敬仰的麻煩製造者，擁有逃避成年生活的天賦，同時對她正在尋找自我的外甥有一絲軟弱之情。
愛情、性與背叛,這部挑釁的劇集探討了現代社會窺視的本質如何影響印度北部三對不尋常的情侶。
暮光之城：新月,心碎的貝拉史旺仍然為吸血鬼愛德華卡倫的離去而傷心欲絕，她在與狼人傑吉布蕾克的友誼中尋得安慰。
歸家再起,一位新近單身的媽媽收留了三名年輕的男性電影製片人作為寄宿者，但她疏遠的丈夫回來，讓她嶄新而非傳統的生活變得更加複雜。
家庭重聚,麥凱倫一家從西雅圖搬到喬治亞州的小鎮，南方的生活方式和傳統的祖父母挑戰了他們的大城市生活方式。
刺青大改造,壞紋身走進來，好紋身走出去。頂尖的藝術家將紋身災難變成迷人的掩飾，設計是由客人的親人挑選的。
喜劇極限聯盟,透過諷刺的小品、俏皮的辯論和尖酸刻薄的嘲諷，印度最機智的16位娛樂界人士分成隊伍競爭，爭取成為最終喜劇冠軍。
馬歇爾,這部關於瑟古德·馬歇爾的傳記片，他是美國最高法院首位非裔美國人大法官，著重於他作為全美有色人種協進會律師在一個轟動的案件中的關鍵工作。
米莎與狼群,她是一位小女孩時逃過了大屠殺，並在狼群中生活。還是說？一個非凡的故事引起了同情 - 然後受到了審查。
巴特科維亞,在他的兄弟在車禍中去世後，一名聲名狼藉的 MMA 選手接管了家族的夜店 - 很快他發現他兄弟的死並不是一場意外。
未被揭露：宮殿內的惡意,一部2004年在密西根州NBA比賽中球員和球迷之間惡名昭彰事件的重要人物討論這場鬥爭，其後果以及其持久的影響。
再一次的機會：敵人！,在她未能晉級奧運時感到沮喪後，如今成年的Maddy Cornell找到了新的目標，她開始指導年輕的體操選手，並與一支對手隊伍展開競爭。
監獄之鳥：新奧爾良,《新奧爾良監獄：女囚實錄》故事發生在新奧爾良的奧爾良司法中心，描述女囚之間的爭端、調情和閒聊，以及監獄裡的生活點滴。
午夜太陽,天生對陽光極度敏感的少女在和鄰居墜入愛河時，卻瞞著他隱瞞自己的狀況。隨著他們的戀情開花，少女的隱藏也變得更加複雜。
登基的小丑,身為一位精神失常的朝鮮國王的替身，一個相貌相似的丑角扮演著這個角色，但漸漸地，他開始專注於保護王位和人民。
仇恨：真相、謊言與黑手黨,「西西里島以其勇敢的『反黑手黨』聯盟而自豪。但當試圖打倒有組織犯罪的人被指控犯下犯罪時，會發生什麼事呢？」
啟示：宇宙霸主：重啟後訪談節目,跟隨《異星戰士：啟示錄》的幕後花絮，製作人凱文·史密斯和其他人訪問演員們，探討他們的經典角色。
阿萬男孩,這部紀錄片細看在拉各斯街頭拼命或跟幫派混的男人和男孩的生活和熱情。
人質之家,一位房地產經紀和她的女兒在一場房屋公開展示時被兩名逃犯綁架，迫使她想盡辦法確保他們的生存。
阿嘉莎·克莉絲蒂的歪斜的房屋,一名偵探調查他前情人的祖父死因時，揭露了關於這位大亨操縱性家族的秘密。
寒山,這部劇情片講述了一個受傷的南北戰爭士兵艱難地回家的故事，而他遠在他之外的心愛之人則在她已故父親的農場上為生存而奮鬥。
維沃,一隻熱愛音樂的夜行動物開啟了一生中最重要的旅程，完成他的使命，為一位老朋友演奏一首情歌。
暮光之城,當貝拉·史旺搬到父親家，她開始上學並遇見愛德華，一個神秘的同學，他透露自己是一個108歲的吸血鬼。
世界最驚人的度假租屋,憑藉著對每個預算的精打細算，三位旅行者造訪全球各地的度假租屋，並在這個真人實境節目中分享他們的專家建議和訣竅。
灰姑娘的故事,少女薩姆在舞會上遇見了她夢寐以求的男孩，之後她又回到繼母的餐館裡辛苦工作。她遺失的手機能把他們再次拉在一起嗎？
入侵,一場致命的入室搶劫發生在一對夫妻新的夢想家園，受到創傷的妻子尋找答案，卻發現真正的危險才剛要開始。
火影忍者疾風傳：血之監獄,被誤認為對四代雷影發動攻擊的忍者火影被囚禁在難以透過的鬼灯城堡，並且他的力量被封印。
美國特工隊：世界警察,在這部音樂諷刺劇中，一支全木偶警察部隊扮演著在一個混亂星球上維持和平的艱鉅角色。
失蹤飛機,當一架飛機神秘地在起飛幾年後降落時，機上的人們回到了一個已經在他們不在的情況下發展的世界，面對著奇異而新的現實。
經典恐怖故事,在這部令人毛骨悚然的懸疑影片中，一群在義大利南部旅行的陌生人受困在森林中，他們必須拼命奮戰才能活著逃出去。
抢劫,數百萬美元的被盜現金。消失的豪華波旁威士忌。觀看這個真實犯罪系列中普通人幾乎成功逃脫這些非凡的搶劫。
神秘小隊,一群非英雄試著贏得尊重，當勇敢帥氣的超級英雄驚人隊長失蹤時，他們奮力行動起來。
美國女人,在賓夕法尼亞州的農村，一位工薪階級的單親媽媽必須收拾殘局，並挺身而出，撫養她的孫子，因為她的女兒突然消失了。
明亮的星星,這部劇講述了浪漫詩人約翰·济慈與他的摯愛和靈感來源之間的激情三年戀情，济慈在25歲時英年早逝。
小辛格漢 - 黑影,年僅小小警探小辛厄失去了所有超能力，當他試圖阻止惡魔卡爾的新惡計時！他的內在力量能幫助他打敗敵人嗎？
"敬稱, 犯罪的X光片",一位律師捍衛一名文盲男子，他在布宜諾斯艾利斯擔任屠夫時遭到殘酷老板剝削，最終導致悲劇發生。劇情取材自真實案件。
老家查查查,一位大城市的牙醫在一個密不可分的海邊村莊開設了一家診所，這個村莊裡住著一位迷人的無所不能的多面手，他在各方面都和她截然不同。
獸宴,在一個各種野獸共存的世界裡，一隻溫和的狼在他所在的學校發生一起謀殺案時，開始覺醒自己的獵食本能。
美國大師：創造大衛蓋芬,大衛·蓋芬是猶太移民的兒子，從一個謙卑的背景中崛起，成為美國最有影響力的媒體人物之一。
美好永不再來,失去兩個摯愛之後的十年，一名男子的女友突然消失，讓他陷入另一個令人眼花繚亂的神秘事件中。這部影集改編自哈蘭·科本的小說。
浪漫特急,在Rahul前往撒下祖父骨灰的途中，本應是一段悲傷的旅程，但卻因他愛上了一名女子而變得充滿喜悅。
库安的金钱,在這部續集《新錢》中，保安轉身成為千萬富翁的昆，過著幸福美滿的生活，直到他成為詐騙的受害者。
Emicida：愛是一種愛 - 聖保羅現場演出,巴西說唱歌手Emicida將他的前衛韻律和多樣化節拍帶到聖保羅市的Theatro Municipal，演唱專輯“AmarElo”中的熱門歌曲。
火藥奶昔,一名刺客偏離任務，拯救一名孩子，觸發了與一個強大犯罪集團的戰爭，並重新團聚了一群持槍的姊妹。
我的英雄是牛仔们,羅賓·威爾特希爾的痛苦童年被西部片拯救了。現在他生活在他的夢想邊疆，訓練他喜愛的馬匹出演大銀幕。
芝加哥醫療,芝加哥醫療中心的醫生和護士在這部衍生劇《芝加哥火災》和《芝加哥警署》中忙碌的急診室裡應對各種戲劇性和危險事件。
性感獸族,希望擺脫膚淺的約會，現實生活中的單身人士穿上精心打扮的化妝和假肢，測試真正的相親化學反應。
暮光之城：破曉前夜：第1部,在一場夢幻婚禮之後，貝拉和愛德華進入了一個新的惡夢，當一個令人震驚的事件迫使他們做出生死抉擇。
擁房者,2000年，一群年輕男子在布宜諾斯艾利斯佔領了一棟房子，成為了流浪漢，同時他們也面對著日益暴力和敵對的城市。
尋夫日記,歐茵和她的兩位好友正在尋找丈夫，但他們發現在尋找愛情時必須面對自己的期望。
磚頭大樓,一名臥底警察與一名前囚犯合作，企圖在底特律一個被圍牆圍起來的住宅區裡，打倒一個毒品大王，而這裡充滿了污穢和犯罪。
穀瑞絲與法蘭奇,他們並不是朋友，但當她們的丈夫為了彼此而離開她們時，優雅的格雷絲和古怪的弗蘭基開始在這部入圍艾美獎的影集中建立起連結。
明顯危險,美國總統的朋友遭到謀殺時，中央情報局副局長傑克·瑞恩無意間捲入了一場非法對抗哥倫比亞毒品集團的戰爭中。
夢中情人,一個交錯的愛情三角關係開始纏繞，當一個男人愛上了一個準修女的女孩，而她卻愛上了他找來幫助追求她的朋友。
土格拉克王朝,一位新興政治人物擁有陰謀詭計，想要在政界上升 — 直到一個意想不到的新存在開始干擾他的每一個不正當行為。
表兄弟姊妹,在童年時被分開的三個表親，有著牢不可破的情誼，他們面對痛苦的過去，展開情感之旅，試圖找到彼此。
小巴希姆：巴希姆對抗外星人,太空侵略者綁架了多哈爾布爾的國王和公主！ 唯一能拯救他們的方法就是比賽中擊敗外星人。
血與水,在一次派對上相遇之後，開普敦的一位少年展開行動，試圖證明一位私立學校游泳明星是否是她在出生時被綁架的妹妹。
如果我明天離開這裡：一部關於林納德史金納德的電影,透過訪談和檔案影像，本紀錄片重點記錄了傳奇南方搖滾樂隊的故事，並聚焦樂隊主唱羅尼·凡·贊特。
王子變青蛙,在他的婚禮前，一位冷酷的CEO被車撞後甦醒成了一個改變了的人。當他和駕駛相戀時，在前方的道路上出現了更多的變化。
烘焙小組,精通烘焙的專家們以更高層次的想法和出色的執行力來提升甜點。現在他們展開了一場爭奪客戶的戰鬥，這些客戶需要非常特別的甜點。
衝突,當一個移民尼日利亞家庭的族長拜訪他們在加拿大的女性主導的家庭時，傳統價值與新價值發生衝突。
迷宮,在吉姆·漢森的幻想中，少年莎拉展開了一場改變命運的追求，要從奸詐的鬼怪手中拯救她的弟弟。
麗德莉瓊斯,《好奇的孩子里德利和她的朋友們保護自然歷史博物館的珍寶，並保持它神奇的秘密安全：夜晚一切都會活過來！》
火影忍者疾風傳：結合,當神秘的忍者襲擊木葉村時，青少年忍者火影和失蹤已久的好友佐助必須拯救地球。
獵物,一趟進入荒野的遠足旅行，對於五個朋友來說變成了一場迫不及待的求生之旅，他們得逃避一名神秘的槍手。
自由國度,當一名女性報告她的嬰兒被一名黑人男子綁架後，一位非裔美國刑警和一位白人活動人士攜手挖掘細節。
狗狗們,這六個親密故事探討了狗和其照顧者之間無論情況如何所形成的持久情感聯繫。
鐵甲奇俠銀河偵探隊,一個星際設備將玩具汽車變身為機器人：Tobots！他們與朋友合作解開神秘事件，保護世界免受邪惡的侵害。
倒數：Inspiration4太空任務,從訓練到發射再到著陸，這部全方位的紀錄片系列跟隨著Inspiration4飛行員團隊，參與首次完全由民間人組成的軌道太空任務。
追擊攔截,一位尋找妻子死因真相的男人，捲入了一個危險的秘密和陰謀網，涉及從紐約到特拉維夫的延伸。
奧卡德哈爾卡娜敏,一對年輕情侶初見時就愛慕對方，但對婚姻概念感到厭惡，直到他們遇到了年長的鄰居夫妻，才改變了他們的看法。
暴風雨,在一個蒼翠而被遺棄的地點，一連串的超自然現象引起了一群計劃重新開發這個地點的人們的警示，但這些詭異的事件可能並非像他們想像的那樣超乎尋常。
美國通靈王,他只是一個無所事事的吸大麻成癮者，或者他自以為是這樣。當中央情報局試圖消除他時，他沉睡已久的超級間諜訓練再次甦醒。
部門,兩名警察組成特遣隊，要擊倒兩名黑幫，但當一名邪惡的政客出現時，可疑的忠誠和動機浮出檯面。
特勤人員,在德黑蘭擔任摩薩德間諜的工作，瑞秋快要崩潰了。現在很難分辨她站在誰那一邊，情況危險。
一個故事機器人太空冒險,跟著StoryBots和歷史性的Inspiration4太空任務中的太空旅行者一起尋找孩子們有關太空的問題的答案。
愛情渡假村,一名歌手心碎並且事業陷入低潮，她接了一個在一個時尚島嶼度假村演出的工作 - 她的前未婚夫剛好在那裡舉行婚禮。
超級小英雄：瓦哈拉之冠,為了拯救瓦哈拉王國免受維京人的入侵，比姆正在召集他的朋友軍隊，準備展開一場強大的戰鬥！
開心鬧翻天：驚心動魄,當一個可怕的狼人故事嚇壞Boog，使他不敢加入每年一度的露營之旅，他的朋友們密謀一個計劃來治愈他的恐懼。
彌彌,一位小鎮的有志女演員同意為一對尋找代母的來訪夫婦懷孕，但她的經歷卻出乎意料地變化莫測。
風中奇緣,在布魯克林一個酷熱的日子裡，居民之間不斷升溫的種族緊張局勢浮出水面，引發了憤怒、暴力和悲劇。
當噴彩遇上專業,家庭烘焙師嘗試重現可以品嚐的大師級作品，以爭取10000美元的獎金，但他們的烘焙紀錄糟糕透頂。這是一場現實競賽，又是一場混亂不堪。
歐洲最危險的人：奧托·斯科爾森在西班牙,解密文件揭露了二戰後奧托·斯科爾岑尼的生活，他是一位希特勒親信，逃至西班牙並成為世界總統的顧問。
波密卡,在一個茂盛的廢棄地點，一系列超自然事件引起了一群計劃重新開發該地的人的恐慌，但這些怪異事件也許並不像他們想像的那樣非人為。
他就是那個人,一位專精於改造的網紅打賭說她能將一個不受歡迎的同學變成舞會國王，在這部改編自青少年經典電影《美麗校花》的故事中。
小飛俠與克里希納：瑪雅城,年輕的克里希納勾引惡魔瑪揚德裏對他的報復陰謀！貝姆能救他並阻止瑪揚德裏的其他毀滅性計劃嗎？
天空之下,一場妓院的致命事件使三名受過往困擾的女性從她們的拉皮條和手下瘋狂逃跑。
我搞定了,在拿到一批誤寄的手機後，兩個騙子試圖從他們的貨車後面兜售商品來賺錢。
玉兰花,透過機緣巧合、歷史和神聖的干預，一群兼收並蓄的角色，在加州的某個隨機日子裡交織和扭曲彼此的生活。
小飛俠巴希與克里希納對抗辛巴拉,黑暗魔鬼正在密謀世界統治 - 但當比姆和克里希那聽說他的計劃後，他們將不惜一切擊敗他。
魔女三姊妹,在她們母親的悲慘死亡後，三姐妹因新發現的力量而加深了聯繫，消滅惡魔，並團結一致，捍衛她們的魔法傳承。
生物駭客,一位醫學系學生秘密進入一所德國頂尖大學，以揭開一個將家庭悲劇與富有遠見的生物教授聯繫起來的陰謀。
資助生意,兩個迷失方向的千禧世代兄弟大麻後狂妄地提出一個大膽的新社會公義應用程式，籌集了數百萬資金。然後他們必須開發這個應用程式。
賽馬風雲,一匹外貌笨拙的駒馬在這部以大蕭條時期為背景的劇情片中成為一匹勝利的純種馬，故事改編自冠軍賽馬西比斯基特的真實故事。
當年在美國,塞爾吉歐·萊昂導演的大型犯罪史詩故事，講述一群猶太黑幫在1920年代紐約市的有組織犯罪中崛起。
清潔衛生日,兩名警察必須應對公寓大樓中不合作的房客，他們必須在犯罪現場被清理乾淨之前解決一起谋杀案。
七宗罪,一位千萬富翁假裝自己死亡，並強迫他的親戚在他的豪宅裡同住一年，以查看誰配得上繼承他的財富。
傑克懷特霍爾：與父親的旅行,在這部歡樂的喜劇中，傑克·懷特霍爾邀請他拘謹的父親邁克爾和他一起在東南亞旅行，試圖加深他們之間的聯繫。
未被揭露：犯罪與懲罰,他們是曲棍球界的壞孩子 ─ 一支被一名和黑幫有關係的男人買下的球隊，由他17歲的兒子管理，以暴力與球技同樣出色而聞名。
小飛俠-恐龍世界,一位科學家照顧他的秘密寶貝恐龍有困難時，他帶著比姆和朋友們回到過去，將寵物送回自然棲息地。
完美匹配,在巴厘島，一位時尚部落客遇見了一位天才的鞋匠，彼此產生了火花，讓她開始懷疑自己對未婚夫的承諾。
玩命飆速：間諜競賽,一個政府機構招募了少年駕駛員托尼·托雷托和他尋求刺激的朋友們，以臥底身份滲透犯罪街頭賽車圈。
赫羅德的法則,在一個小墨西哥鎮市長於1949年遭殘忍謀殺後，有教養謙虛的清潔工胡安·巴爾加斯被任命為他的繼任者。
聰明的金錢女人,五個年輕有型的千禧世代努力追求成功，同時兼顧事業、財務、愛情和友誼。根據Arese Ugwu於2016年的暢銷小說改編而成。
性教育,不安的奧提斯在性方面有所有答案，這要歸功於他的治療師媽媽。因此叛逆的梅芙提議在學校開設性治療診所。
廣一泡泡英雄,一顆隕石墜落後，一群動物園裡的動物變成了軟綿綿、黏黏的、有彈性的超級英雄，擁有特殊的能力，並很快就開始對抗邪惡分子。
你是我的命中註定,一位年輕女子的浪漫郵輪之旅在一場意外中結束，她與一位富有的高管一夜情後懷孕了，改變了他們的生活。
愤怒的小鸟,紅鳥、查克和他們的羽毛朋友在守護鳥巢裡的蛋時，會有許多冒險。煩人的豬總是想要偷走蛋。
小超人雷神,生來就具有超人能力的年輕拉朱希望利用他的力量讓世界變得更美好 — 但這意味著將面臨許多挑戰！
金屬工藝大師,在這個比賽節目中，一群金屬藝術家使用火炬、切割和焊接從硬鋼中創造出史詩般的、厲害的作品。只有一個人能贏得5萬美元的獎金。
布米卡,在一個郁郁蔥蔥的廢棄地產上發生的超自然現象讓一群熱切希望重新開發該地點的人感到驚慌，但這些怪異事件可能並非像他們想象的那樣超凡脫俗。
火影忍者疾風傳劇場版：火之意志,當五大忍者村中有四個被摧毀時，倖存的村莊領導人試圖找出真正的罪魁禍首，保護他的土地。
林肯律師,一位精明的辯護律師在林肯車後座開設辦公室，接下一個知名案件，很快就讓他和家人陷入危險之中。
單口喜劇演出,喜劇團體Na Stojáka的成員們登台演出，用他們的幽默風格為觀眾帶來了一個特別的單口相聲之夜。
大白鯊,當一隻貪婪的大白鯊恐嚇阿米蒂島時，一名警察局長、一位海洋學家和一名經驗豐富的鯊魚獵人試圖摧毀這頭獸。
移山的父親,當他的兒子在山上的一次雪中迷路時，一位退休情報官決心不計一切代價，冒著一切危險去找到他。
我的阿曼達,兩個非常要好的朋友分享彼此生活的點點滴滴。隨著他們的生活不斷演變，他們的友誼仍然是唯一不變的。
黑島,一個看似和平的島嶼的黑暗秘密威脅著一名孤兒的學生，當他和一位神秘的新老師關係親密起來。
解救大兵,一位退休的 CIA 特工被綁架後，他的兒子，一位政府分析師，展開了一個未經授權的任務，試圖找到他並阻止一個恐怖主義陰謀。
舊時的風情,一名記者造訪她在維拉克魯斯的出生地，準備報導當地部落文化的故事，卻意外被當地居民綁架，因為他們相信她被惡魔附身。
犬夜叉電影2：鏡中的另一個城堡,隨著他們最大的敵人看似已被打敗，犬夜叉和他的朋友們回到了平凡的生活中。但和平很快被一個新興的敵人打破。
求生大挑戰：絕境求生,飛機失事後，熊因失憶而必須做出選擇，拯救失蹤的飛行員並在這場高風險的互動冒險中生存下來。
一個殺手的回憶：尼爾森錄音帶,連續殺人犯丹尼斯·尼爾森通過一系列令人毛骨悚然的監獄囚室錄音帶，講述他的生活和恐怖罪行。
情人節,《現代愛情的觸發機制在這部劇集中得以揭露，故事圍繞著情感關係及單身生活展開，並以一年一度最浪漫的日子：2月14日為主軸。》
最後的夏天,在海邊小鎮的暑假裡，16歲的Deniz尋找他童年暗戀的人的愛，並在愛情三角關係中遨遊。
神童,一位口齒伶俐的洛杉磯社工，為了尋找一名被綁架的擁有神秘力量的西藏小孩，經歷了一連串的陷阱與恐怖。
藍色海角,兩個漂流的孩子，在一座荒島上受困多年，成為青少年後墜入愛河，並試圖在這個孤島天堂中建立自己的生活。
這改變了一切,這部紀錄片透過知名女演員和女性導演的眼睛深入探討了好萊塢的性別差異。
生死線上,一名扭曲但聰明的殺手折磨著一位老練的秘密特工，多年前他未能拯救總統約翰·F·甘迺迪。
槍聲,在一場抗議活動中爆發衝突後，法醫和記者展開尋找隱藏真相的旅程。
塑膠杯男孩: 笑掉我的口罩!,喜劇團體 The Plastic Cup Boyz 在亞特蘭大帶來三場生動活潑的單口喜劇表演，不斷地說出笑話。
小超人在非洲野生動物園,畢姆計劃進行一次刺激的非洲野生動物園之旅，但當他發現一位邪惡的統治者正在利用魔法力量在土地上造成乾旱時，計劃受到了打擾。
鱷魚鄧迪在洛杉磯,"當密克""鱷魚"" 鄧迪和他的家人抵達洛杉磯時，很快就在這部喜劇續集中學到一些關於美國生活的課程。"
尼卡：美麗蛇女,在她父母神秘遇害多年後，一名心靈受創的女子獲得超自然力量，幫助她追求對凶手的復仇。
網路陷阱,一位電腦分析師在偶然間發現一個陰謀，而成為了目標，被迫通過一個神秘的軟碟來逃亡，以洗刷自己的名譽。
怎樣快速販賣毒品,為了贏回前女友的心，一個書呆子青少年開始在自己的臥室裡網路販賣搖頭丸，最後成為歐洲最大的買賣者之一。
Q-特工隊,一位同志超級特工及其堅強的 LGBTQ 小隊努力證明自己，對低估他們的機構進行抗爭。今天，西好萊塢...明天，世界！
觸及真心,希望在一次糟糕的醜聞後卷土重來，一位女演員同意通過擔任一位標致律師的秘書來研究一個新角色。
怪物獵人：公會傳奇,在一個人類和可怕怪物相處的世界裡，年輕獵人艾登努力拯救他的村莊免遭一隻龍的破壞。
盧克什,根據史詩《羅摩衍那》的最後一本書改編，這個系列故事講述了羅摩王的雙胞胎兒子在童年時期的努力和冒險。
血色天空,一群恐怖分子劫持了一班隔夜橫跨大西洋的航班，一名神秘生病的女子必須揭露一個可怕的秘密來保護她年幼的兒子。
兄弟潔克武,為了追逐巨大成功，一個村子裡的騙子追隨他從尼日利亞來的表弟到肯亞，意外地捲入了一個臭名昭著的霸主的陰謀商業事務中。
安格马利日记,在他的家鄉幫派戰爭中成長後，文森特組建了自己的企業小隊，最終卻陷入了法律的對立面。
《處女河》,一名護理師開始尋找新的開始，從洛杉磯搬到加利福尼亞北部一個偏遠的小鎮，她對所發現的事物和人感到驚訝。
大亨：老大歸來,艾妮歐拉·薩拉米重啟了新生活，並將目光投向不同的權力位置，她以復仇、遺憾和無情作為動力。
潛水俱樂部,在卡普默西角的海岸，一群熟練的青少年潛水員在其中一人神秘失蹤後，調查一連串的秘密和跡象。
火影忍者劇場版2：葛雷之石的傳說,在一次尋找遺失寵物的任務中，鳴人和其他兩名忍者遭到了神秘的忽必烈帶領的殘酷騎士的伏擊。
全新櫻桃風味,一位電影製片前往好萊塢，想在90年代初拍攝她的電影，卻意外地墜入了一個充滿性、魔法、報復和小貓的幻覺之洞穴。
托格拉克王朝 (泰盧固語),一位新興政治家有陰謀策劃要在職位上升，直到一股意外的新力量開始干擾他的每一個不正當動作。
海底小纵队：超越新篇,《海底小纵队》将探索领域扩展至陆地！有了新的工具和新的朋友，他們將保護任何受到威脅的栖息地和动物。
陰影派對,一個家庭在長期的社區衝突中面臨著毀滅，這場衝突讓親戚之間相互對立，在攻擊和報復之間。
慾望迷困,在內戰期間，一名受傷的聯邦士兵在一所南方女子學校尋求庇護，打破了平靜，加劇了日益加劇的性暗示和內鬥。
疾速小車寶寶：克莉絲帝掌舵行動,從街機遊戲到乘雪橇的日子，再到驅除打嗝的方法，科瑞卡森好奇的妹妹克莉西獨自在城鎮上展開了快樂和冒險！
小小彼姆,一位勇敢、充滿活力的小男孩擁有超凡的能力，帶領朋友們展開刺激的冒險，保護村民不受邪惡的侵害。
總統職位,在一所重要的大學裡，第一位有著有色人種背景的女性試圖擔任英語系主任，並努力滿足失敗中的英語系所需的眾多要求和高期望。
獵人 Hunter X Hunter (2011),為了實現成為像他爸爸一樣傳奇獵人的夢想，一個年輕男孩必須通過嚴格的考試並找到失踪的父親。
黑幫巨塔,根據小說《Las Fantásticas》改編的這部激動人心的電視劇，講述了五位女性的動蕩生活，她們捲入了黑幫的紛亂世界。
大坂直美,這部充滿親密感的系列節目，追隨著大坂直美探索她的文化根源，並在成為網球冠軍和崛起領袖的過程中，駕馭著她多面向的身份。
犬夜叉電影版：時代的痕跡,一個強大的惡魔被封印了兩百年。但當惡魔的兒子被喚醒時，世界的命運岌岌可危。
深入解析,這部啟發性的Vox影集深入探討各種主題，包括加密貨幣的崛起、節食失敗的原因，以及瘋狂的韓流世界。
波米卡,在一個茂盛的廢棄地產發生的超自然現象讓一群渴望重新開發該地的人感到驚慌，但這些怪異的事件可能並非他們所認為的超自然。
沥墨女神,一位來自墨西哥城外艱苦社區的女性成為搖滾巨星後，不經意地引發了她過去的鬼魂對決。
黑暗天空,一個家庭在優美的郊區生活被一股外星力量入侵他們的家，當他們努力說服其他人這個致命威脅時，這美好的生活完全破碎了。
無聊的我,在經歷了一年的創傷之後，一位印度裔美國少年的願望就是從受排斥的人變成受歡迎的人——但朋友、家人和情感都不會讓這件事變得容易。
十一月人,一名前 CIA 特工從退休中重出江湖，保護一位重要的證人，但很快他發現，舊朋友可能是最危險的敵人。
樂基洛：一切都不一樣,透過歌曲和雙關語，喜劇演員Lokillo Florez 呈現了拉丁美洲人如何適應了一個禁止擁抱的新世界，令人捧腹大笑。
溫諾納·厄普,華特·厄普的後裔與不死的霍利戴合作，消滅來自荒野西部的惡魔亡靈。
柴奇和尊的風流騷動,大麻喜劇演員奇奇·馬林和湯米·蔣抵達阿姆斯特丹，卻發現他們被誤邀請，之後成為了替補演員登上舞台表演。
為了玩而生,這部紀錄片跟隨波士頓叛逆者隊——一支全由女子組成的橄欖球隊——他們為了比賽冒著時間、家庭和日常工作的風險。
以德因斯絕境,在「艾登斯•神璽號」上，一個寂寞的男孩擁有控制重力的能力，展開冒險尋找傳說中的太空女神-母親。
數我在內,這部紀錄片聚焦一些搖滾樂界最偉大的鼓手，他們共同展開一段啟發人心的節奏之旅，探討人類連結的力量。
孤身巴黎2,一名笨拙的巴黎警察堅定地決心要抓到一位屢次逃避他的大盜，甚至當他們是地球上最後兩個男人時。
午夜彌撒,一位充滿魅力的年輕牧師的到來，帶來了榮耀的奇蹟，不祥的神秘和重燃的宗教熱情，讓一個垂死的城鎮急切地渴望相信。
亨利的奇幻故事,一位11歲的小孩發誓要幫助一位他懷疑處於危險中的新鄰居，並將自己的努力記錄在一連串的書面和錄音中。
未謂之事：與惡魔交易,克里斯蒂·馬丁在拳擊界崛起時打破了界限，但她的公眾形象掩蓋了個人內心的惡魔、虐待和生命受到威脅的危險。
大白鯊2,距離上次致命的鯊魚襲擊已經四年，警察局長馬丁·布羅迪努力保護阿米蒂島，以免再次有一隻殺人的大白鯊出現。
偏執狂,被公司的CEO敲詐，一名低階員工發現自己被迫去偵查老闆的競爭對手和前任導師。
暮光之城：蝕,在一個渴望報復的血腥敵人的追殺下，貝拉必須調和她對吸血鬼愛德華的愛和她對狼人傑吉布的日益增長的感情。
靠! 我們真是酷3,當一位不太可能的色情演員愛上了業界外的一位女性時，他讓他的演員朋友假扮成一個傳統家庭，以取悅她的父親。
太陽的淚眼,一名海軍海豹突擊隊員被派往一個饱受战争蹂躏的非洲叢林，救援一位醫生，後來他意識到自己也必須拯救醫生照顧的難民們。
讓我們動起來,這些賣座影集讓我們聚在一起，讓我們度過了美好時光。認識那些讓它們成為可能的演員、導演和業內人士。
迷失咖啡廳,一位志向成為電影製作人的女孩，在決定前往挪威留學時，遇到了一位富有洞察力但古怪的咖啡店老闆。
菠蘿快遞,在目睹謀殺後，一位經常嗑草的傳票遞送員和他性情親切的販毒商從一個想殺死他們的毒梟逃亡。
樂園山岳,烏瑪醒來時身處於一個郁郁蔥蔥的熱帶設施中，設施旨在把任性的女孩變成完美淑女，這本來就糟糕，但它的真正目的更糟。
鋼琴師,帶著她的女兒和心愛的鋼琴，一名無言的蘇格蘭女性來到紐西蘭，一個粗魯的孤獨者試圖誘拐她。
醜聞之路,在一夜的酒後狂歡之後，一位當地的新聞主播發現自己在洛杉磯的街頭上滯留，距離一生中最重要的工作面試只剩幾小時。
創意的印度人,從廚師和喜劇演員到電影製片人和時尚設計師，印度最著名的富有想像力的人分享他們藝術之旅。
天劫風暴,一位單身母親養蝗蟲作為高蛋白食物，但她遇到了繁殖的困難 — 直到她發現牠們喜歡吸血。
汽車旅館改造,在項目失利和疫情流行的背景下，從摯友變成生意夥伴的兩人將他們的設計魔力帶到一家破舊的汽車旅館，將其改造成一個熱門的度假勝地。
堡壘,在小案件中受夠了的三名馬賽警察有機會打擊一個重要的毒品網絡。但當一名重要線人提出重大要求時，界線變得模糊起來。
歡迎回家，羅斯科詹金斯,R.J.為了父母的50週年紀念而前往喬治亞州。但在炫耀他好萊塢的生活方式後，他必須檢視自己變成了什麼樣子。
阿拉瓦比女子學校,在聲譽卓著的Al Rawabi女子學校，遭受欺凌的局外人們策劃了一系列冒險的報復行動，以回擊他們的折磨者。
女人與兇手,這部紀錄片追蹤了連續殺人犯吉·喬治斯的逮捕過程，透過兩位女性的不懈努力：一位警察局長和一位受害者的母親。
小神童：十中十,在他的監視下，一塊珍貴的寺廟石被偷走之後，比姆接受特殊武術訓練，準備與賊人對決。
陰屍路,在一場喪屍啟示錄的餘波中，倖存者們緊緊抱持著對人類的希望，團結一致地奮戰，為了自己的生存而戰。
結局,一位富有的實業家對一名空中小姐的危險執著摧毀了她的世界，直到她親自採取行動，報復對方。
大白鯊3,在一個海洋主題公園的工作人員試圖捕捉一隻年輕的大白鯊後，他們發現它的母親已侵入了圍欄並且渴望報復。
《顏值配對：愛情頻譜上》,對於任何人來說，找到愛情都可能是困難的。對於自閉症譜系障礙的年輕成年人來說，探索充滿變數的約會世界更加複雜。
親吻糖果亭3,決心在上大學前充分利用她最後一個夏天，艾爾計劃了最終的遺願清單，當她和諾亞以及李一起面對未來時。
機械師,常年失眠的工廠工人特雷弗·瑞兹尼克在一連串神秘事件中開始質疑自己的理智，精神狀態變得恍惚不清。
外岸,在一個有錢人和窮人的島上，少年約翰B召集他的三個好朋友去尋找與他父親失蹤相關的傳奇寶藏。
瘋狂叮當隊,和藹可親的外星人拉契特渴望成為銀河遊俠，當流亡機器人克蘭克告訴他邪惡的德雷克計劃摧毀銀河時，或許會有這個機會。
'76' 翻譯為「76街」。,當她的丈夫被指控參與未遂軍事政變時，一位懷孕的女性的生活變得情感起伏不定。靈感來自真實事件。
勇敢動畫系列,一群超級英雄展開行動，試圖清除世界上的邪惡，但他們意識到自己可能並不站在正義的一方。這部影集改編自一部知名的漫畫作品。
神經大教授II：古炳家族,在準備結婚的時候，謝爾曼·克拉普為他的大日子做準備。但他邪惡的分身巴迪·洛夫威脅要毀掉他的婚禮和聲譽。
芭妮雅 MMS,一對夫妻計劃在孟買市外的一所房子度過情趣週末，卻發現房子裡安裝了監視攝影機，並且被邪惡實體佔據。
開始下雨炸肉丸,當發明家弗林特·洛克伍德讓雲朵下起食物時，瑞安斯洛鎮的居民就可以自給自足。但一場災難即將爆發。
印度偵探：犯罪故事,攝影機跟隨班加羅爾警方工作，提供了一個罕見的視角，讓人們深入了解四個重大犯罪調查的複雜和具有挑戰性的內部運作。
報應的鼓聲,在一個貧困的社區裡，一位劍客的兒子愛上了一位婚禮歌手的女兒 — 在傳統社會裡這是一段禁忌的戀情。
頭文字D,白天，一名18歲的青年為他的父親送豆腐，他的父親是一位退休的賽車手；但到了晚上，輪到這位青年拿起方向盤。
狄克·約翰遜之死,隨著她父親接近生命的終點，製片人 Kirsten Johnson 以獨特和滑稽的方式設計他的死亡，幫助他們兩人面對必然的結局。
青春猛斗士 Bunny Girl 剎那不在意,在經歷了自己的「青春期症候群」後，高中害羞的櫻田不斷遇到遭受此症狀的女生，包括他的妹妹和女演員舞。
孟買任性時代,這部動盪的續集《孟買往事》延續了黑幫首領蘇海卜·汗的傳奇故事，他不斷地奮力爭取更多的控制權。
一名交換學生的秘密日記,希望有所改變的兩個好朋友決定作為交換學生到國外展開一場改變人生的冒險。但是 他們能否不惹麻煩呢？
不法之徒,在逃離家鄉尋求電影明星生涯後，一個鄉村女孩崛起成為知名的性感象徵。
全美籃球巨星,文化衝突和激烈競爭考驗著一位來自洛杉磯南部的少年足球運動員，當他被招募到比佛利山高中的球隊時。
愛的大冒險2,艾略特和他森林裡的朋友們必須要救出他們的達克斯獵犬朋友，因為有些被寵壞的寵物想要把他送回家當寵物。
約翰神父：一位靈性治療師的罪行,迷信的媒體明星喬阿短片·德·法利亞在獲得國際名聲之前，倖存者、檢察官和媒體揭露了他可怕的虐待行為。
命運的一天,在他們的家庭面臨財務困境時，兩個青少年兄弟抓住了一個逆轉厄運的機會，回到20年前的時光旅行。
古爾岡,一個富裕家庭的女兒從大學回來時，得到了她兄弟冷淡的歡迎，因為他自己有問題和計劃。
無法言說的故事,當大都市的生活在他們周圍繁忙時，孤獨的靈魂在愛、失落和渴望的三個故事中發現了意想不到的連結和陪伴。
深海迷情,新手警察傑佛瑞·科爾冒充毒品販子，試圖打擊一位犯罪頭目，卻很快捲入貪污、恐嚇和謀殺的地下世界中。
小Bheem與克里希納,數個世紀過後，一位征服者統治結束，他神秘地從死亡中回來了。現在由比姆挽救多拉克普爾避免被重新佔領的命運！
美洲豹,在1960年代，一位大屠殺倖存者加入了一群自我訓練的間諜，他們尋求對逃往西班牙躲藏的納粹分子進行正義審判。
小混混：黑幫傳奇,一位善良的女黑幫和她拘謹富裕的姐妹重逢，他們一同面對家庭、犯罪、警察和所有跟隨他們的麻煩。
擊敗者,在1946年的柏林，一名美國警察在尋找失蹤的兄弟的同時，幫助一名新手德國女警察對抗籠罩該市的暴力犯罪。
城堡與城堡,一對高效率成功的律師發現自己在法律體系的對立利益中進行辯護，這導致他們幸福的婚姻產生壓力。
喜劇之王,史蒂夫·哈維、塞德里克·恩特特納、D.L.休利和伯尼·麥克在由斯派克·李執導的標誌性單口喜劇音樂會上登臺表演。
神劍闖江湖：最初的開端,在成為護衛之前，剣心曾是一名可怕的刺客，被稱為「抜刀斎」。但當他遇見溫柔的雪代巴，他的故事開始改變。
斯里卡拉,一對夫妻必須努力保持堅韌不拔，因為地區敵對行動驅使他們離開心愛的家園，進入難民營。
太空牛仔,一位退休工程師同意幫助NASA阻止一顆俄羅斯衛星墜落地球，前提是他和他的年邁朋友能夠擔任這個任務。
變形金剛：賽博坦之戰：王國,緊急尋找全能種子的競賽首先在一個奇異的星球上達到高潮，未來突然闖入當今的世界。
我需要浪漫,一位工作狂失去對浪漫的興趣，重新與一位老情人和才華橫溢的音樂作曲家相遇，他決心重建她對愛情的信念。
城市裡的小事情,三名在孟买蓋茨頓賺錢的小混混偷了火車上的一個包裹，發現裡面裝滿了武器，意識到自己的生命可能受到威脅。
回到起點,在加納的一次攝影活動中，一位美國模特兒穿越回過去，成為一個種植園上的奴隸，並目睹了她祖先的痛苦。
金庫密碼,一位天才工程師和他的一群菜鳥小偷團隊策劃一項計畫，要奪取銀行西班牙分行地下堡壘中的傳說中的失落寶藏。
邁阿密風暴：海洛英牛仔,兩個童年好友從高中輟學生變成了邁阿密最有權勢的販毒大亨，在這部真實故事中，他們的犯罪傳奇跨越了幾十年的時間。
渴望勇敢,當他的新婚妻子因為他未能保護她免受危險而感到厭倦時，奧瑪尋求一位古怪的心理醫生的幫助來重新贏回她。
小飛俠貝姆：基爾馬達的崛起,比姆和年輕的克里希納領主聯手保護世界免受邪惡且強大的基爾馬達及其同樣危險的蝙蝠軍團。
玩命綁愛：巴西,在一個夢幻的海灘度假村，一群充滿活力的年輕巴西人相遇了。但是為了爭奪這個有趣的真人實境秀中的50萬雷亞爾獎金，他們必須放棄性行為。
冲浪季,這部入圍奧斯卡獎的動畫喜劇，帶觀眾走進企鵝世界衝浪錦標賽的幕後，近距離觀察衝浪的發明者。
戀人未滿,星級運動員羅漢迷戀上一位美麗的藝術學生。但當他最好的朋友西姆蘭遇到危機時，他放下一切去幫助她。
狂歡派對2,孩子拿著獎學金去上大學，但當Play把孩子的學費資金輸給了一個可疑的音樂經紀人，他們構想了一個瘋狂的計劃來籌集現金。
槍戰洛肯瓦拉,根據真實故事改編，這部動作片描述了一起在20世紀90年代初震驚全國的事件。在印度孟買，臭名昭著的黑幫Maya與資深警官Khan及超過200名警察展開長達六小時的激烈槍戰。
金光燦爛的星期五,艾瑞克·泰勒在成為德克薩斯州一支小鎮足球隊的新教練後，面臨著巨大的壓力，因為這支球隊正準備贏得州冠軍。
魔獸戰士,在一次搜索和摧毀任務導致背叛後，一支精英黑色行動小組尋求報復。但他們必須保持深入潛伏，才能扳回一城。
像女孩一樣舉重,在她堅韌教練的指導下，一位青少年舉重運動員從埃及的艱苦訓練營中崛起，並參加錦標賽。
阿奇阿奇,加入可愛的小貓Oggy和他的一群貓友，在明亮多彩的貓咪世界中一起玩耍。他們總是忙碌著度過愉快的時光，展開精彩的冒險！
瓦萊麗雅,一位在創作和婚姻上陷入危機的作家，得到了三位朋友的支持，他們也在尋找自己的真我。故事改編自Elísabet Benavent的小說。
達爾文遊戲,高中生要未經意間啟動了一個神秘的手機應用程式，並加入了一個讓具有超自然能力的玩家相互對抗的遊戲。
我很高興我這麼做了,透過與土耳其表演者梅丁·阿克潘的個人訪談和他的同代人，深入了解他的生活和數十年的職業生涯。
貓咪小子,Cookie、Pudding 和 Candy 是一對小貓的兄弟姊妹，他們最喜歡的事就是甜點和讓好奇心引領他們進行學習冒險。
法界戰場,在古老的大戰之後，神祇奇特拉古普塔負責裁定誰是這場戰鬥真正的英雄和惡棍。
遇見：旅程,當她的姐姐被指控犯下多起謀殺案時，一名尼日利亞女子前往洛杉磯尋找真相並為她的姊妹自由而戰。
搖滾樂校園,音樂家杜威·芬恩得到一份四年級代課老師的工作，秘密地開始教導學生搖滾音樂的精髓。
我的非主流生活,本真人秀系列追隨著 Elite World Group 的首席執行官，以及曾是極端正統猶太社區成員的 Julia Haart，以及她的成年子女的生活點滴。
魷魚遊戲,數百名入不敷出的玩家接受了一個奇怪的邀請，參加兒童遊戲比賽。裡面有一個誘人的獎品等著他們 - 但代價是致命的高風險。
堅定的心靈,一名傷心的少女必須為了還清債務而在一個牧場工作，她照顧一匹受傷的馬，這匹馬教會她更多關於療癒的事情，超出她的預期。
小小快遞隊,和強大的特快列車一起出發吧 - 這是一個由一群列車和他們的小朋友朋友們組成的團隊，他們靠著敏銳的思維和團隊合作克服軌道上的困難！
張開你的眼睛,在一場悲慘的意外後，一名失憶的青少年試著在記憶障礙中心重建自己的生活，但對於她不尋常的治療方式感到懷疑。
復活：埃爾圖爾,一個13世紀的土耳其戰士無意中危及了他的部落，他同意為了新的部落土地而和蘇丹的敵人戰鬥。
藏愛情迷思,一名學生試圖從老師家裡偷考卷，意外導致老師受重傷。一連串的謀殺可能是教授的報復行動。
牛仔褲,當她所愛的男人的父親堅持他的雙胞胎兒子娶雙胞胎姐妹時，這位女士創造了一個可能過於令人信服的另一個自我。
紙房子：從東京到柏林,《紙房子》的製片人和演員，如東京和教授這些角色的幕後人員，討論拍攝該系列的情感藝術過程。
轉折點：911事件與恐怖主義之戰,這部毫不畏懼的影集記錄了911恐怖襲擊事件，從基地組織在1980年代的根源到美國國內外的應對。
逆轉學園,一名駭客開始將學生的秘密發佈給整個高中，社交孤立但觀察敏銳的索非亞努力揭露他/她的身份。
安全屋,年輕的CIA特工馬特·衛斯頓必須將一名危險的罪犯從一個遭受攻擊的機構安全屋中帶出，並將他帶到一個更安全的地方。
閃電俠,一位法醫專家從昏迷中醒來，擁有了令人驚奇的新能力，在這部真人超級英雄喜劇中，他對抗威脅該城市的力量。
話語如汽泡般湧現,在一個明媚的夏日相遇後，一個以俳句表達自己的害羞男孩和一個活潑但自我意識強烈的女孩分享了一個短暫而神奇的夏天。
老闆好奶茶,一位百貨公司大亨讓他的兒子擔任低級職位工作，以證明他的價值，同時女同事教導他普通人的生活。
玩火的我：拉丁美洲,在這個真人實境秀中，來自拉丁美洲和西班牙的單身人士將接受放棄性行為的挑戰。但在這裡，禁慾帶來了美好的一面：10萬美元的獎金。
貝克特,一名美國遊客在希臘發生悲慘意外後，陷入政治陰謀，被迫逃亡，成為刺殺目標。
成為暴君的方法,以鐵腕統治需要一位有抱負的獨裁者知曉絕對權力的運作方式，正如歷史上的暴君在這個諷刺式的紀錄片系列中所證明的那樣。
巴黎一起下廚,在這個獨特的烹飪節目中，帕里斯·希爾頓以她隨和的態度，為每道菜品增添自己的風采。快樂就在這裡，只需一顆可食用的閃亮彩色糖果彈。
家庭派對,被嚴厲的父親束縛著，Kid冒著生命危險去參加他最好的朋友Play的盛大派對，但一路上卻遇到一個又一個障礙。
我心中的阿洛,阿洛和他與眾不同的朋友們開始了一個全新的旅程，他們決定重建一個破舊的紐約市社區，讓它成為他們自己的地方。
懸崖勒馬,遊騎兵蓋布·沃克和他的搭擋被召集來救援一群被困登山者，卻得知這群登山者其實是盜賊劫機者。
宇宙大罪,在2524年，一位聲名狼藉的退役將軍被召回戰場，以幫助阻止與敵意外星艦隊的星際戰爭。
軍中老爸,當他娶了一位記者並成為她女兒的繼父後，一位美國海軍陸戰隊員發現他曾經井然有序的生活已不再完全受他指揮。
美好的英國烘焙秀,一群有才華的業餘烘焙師將在為期10週的比賽中展開競爭，期望能夠製作出最好的料理，並獲得被譽為英國最優秀的烘焙師。
高級理髮廳,在拉各斯市中心，一家家族經營的理髮店受到房地產開發商的威脅，他們將不惜一切代價維持生意。
搖滾卡斯巴城,一名過氣的音樂製作人被困在阿富汗，他發現了一個擁有美妙嗓音的女孩，然後必須找到方法來推廣她的才能。
最高機密UFO專案：解密,雖然外星人遭遇的說法早已被打消，但許多人相信不僅可能存在 UFO，而且肯定存在。
超級小英雄貝姆與克里希納：帕塔利普特拉-死者之城,克里希納需要比姆的幫助：帕塔利普特拉的城市被詛咒了！朋友們能否做出必要的事情，讓這個城鎮重獲光明？
一段未完成的人生,一位悲傷的寡婦和她的女兒搬到懷俄明州與她疏遠的岳父同住，這裡的時間讓她們得以療癒和原諒。
大白鯊4：復仇之戰,在另一起致命的鯊魚襲擊之後，艾倫·布羅迪對阿米蒂島已經受夠了，她搬到了加勒比地區，但一隻大白鯊也跟著到了那裡。
第16層,在一所教導女孩被動美德的陰暗學院裡，兩名學生揭露了他們訓練背後可怕的目的，並決心逃脫。
變形金剛,在一個未來社會裡，一個堅不可摧的機器人警察部隊確保犯罪得到控制，一個孤獨的機器人進化到了人工智能的下一個層級。
善後風暴,為了拯救他們的婚姻，一對年輕夫妻接受了一個交易，搬進了他們夢想中的新家，然而令人不安的事件揭露了這房子不祥的歷史。
命運之輪,派特·賽傑克和凡娜·懷特主持了電視上最受歡迎、歷史最悠久的遊戲節目之一，參賽者可以旋轉輪盤贏得獎品並猜解謎語。
我為主流狂,莉茲·萊蒙忙於經營NBC的喜劇綜藝節目，同時努力挽救她一團糟的個人生活，還得抽空吃她的夜宵乳酪。
酷凱...我不說謊,一位律師的生活和事業被打亂了，因為他兒子的願望神奇地讓他無法說謊。
獵魔士：狼之夢,從貧窮中逃脫，成為獵魔人的維瑟米爾為了金錢和榮耀而殺死怪物，但當新的威脅出現時，他必須面對過去的惡魔。
決殺令,一名德國賞金獵人陪伴著一位獲得自由的奴隸 Django 穿越美國，解救他的妻子免受一位殘忍的種植園主的虐待。
小Bheem與忍者的秘密,在得知一個被自己的皇帝威脅的武士村後，比姆啟程前往日本，提出幫助。
盜賊之眼,在過去十年坐牢之後，一位帶著黑暗秘密的巴勒斯坦男子回到西岸，尋找多年前失去的女兒。
費利斯的無照駕駛,在假裝生病逃學之後，受歡迎的青少年費里斯布勒和他的女朋友以及他拘謹的好朋友在芝加哥度過了充滿樂趣的一天。
她的私人生活,一位藝術策展人的生活漸漸散開，當她試著將自己作為一個狂熱的韓流歌迷的秘密隱藏起來，不讓畫廊的新主管知道。
愛情的心跳,短片追隨年輕成年人在意想不到的地方找到浪漫連結時所經歷的各種情感。
浪漫探戈,在阿根廷，Tango是最早期的搖滾巨星之一，他在社會動盪的時代過著豐富多彩的生活，既有輝煌也有絕望。
巨怪獵人：泰坦之戰,從《巨魔獵人》、《3Below》和《巫師》中，英雄們聯合起來對抗一個威脅要佔領他們的世界，甚至重置地球的陰影敵人。
花季少女,一名長期夢想著自己的婚禮的年輕花店女孩被男朋友甩掉後，決定尋求一位英俊演員的幫助，試圖重新贏回男友的心。
奧斯莫西斯瓊斯,彼得和鮑比·法利利超越自己，這部部分動畫的故事講述一個身體不好的40歲男人，他的身體裡寄生著各種生物。
小Bheem：從多拉庫爾到加德滿都,當比姆在尼泊爾度假時，事情出乎意料地轉變，因為他被要求拯救一隻猴子幼崽，使其逃離雪豹的追捕，並與父親團聚。
與我不同的同類,一對婚姻岌岌可危的富有夫妻誤交當地一名無家可歸的男子，他改變了他們的觀點，在這個鼓舞人心的真實故事中。
深藍之海,科學家研究鯊魚，希望找到治療阿茲海默症的方法。但一個危險的捷徑導致出現了擁有接近人類智慧的巨大鯊魚。
沈重,胖子維克多在他母親陰暗的酒吧裡做披薩，躲避世界，直到一位新女服務生的到來打破了他的孤獨。
派對之後的人生,凱西熱愛派對...直到她在一場意外中離世。現在這位社交蝴蝶需要在地球上彌補自己的錯誤，如果她想要賺取她的天使之翼。
致命的愛情,一名商業主收到網上威脅後，當她重新和一位從前的戀人聯絡，並遇見一位新客戶時，產生了懷疑和偏执。
李秀根：感官教練,李洙根在韓國喜劇界崛起的過程中，一直擅長捕捉社交暗示。現在，他準備分享自己的知識和技巧。
鍾情煙雲,當香港政府禁止室內吸菸時，這項新法令迫使熱衷吸菸的人到室外，也促成了一些不太可能的人際關係。
砲手派恩,一名鐵骨鐵肚的海軍陸戰隊員接到了下達的命令，現在必須帶領一群不合群的不同類型的學員參加青少年預備軍訓練團競賽。
火星攻擊!,隨著飛碟朝地球飛來，美國總統準備歡迎外星訪客，但很快就得知他們並不是和平來客。
蓋比的洋娃娃屋,可愛的貓咪、古怪的手工藝和繽紛的魔法！加入貓咪愛好者蓋比和她的搭檔潘迪波斯，一起展開一系列的動畫冒險。
未講述：凱特琳·詹納,凱特琳·詹納(Caitlyn Jenner) 不可思議的奧運光芒啟發了人們。但她更具挑戰性的追尋真我之路更顯得更有意義。
狂歡派對3,在小孩訂婚後，普雷計畫舉辦有史以來最盛大的單身派對。但是這兩個人的每次慶祝活動總是伴隨著各種麻煩。
煥發斗志,在這個競賽節目中，有抱負的化妝師將應對各種色彩挑戰，爭取在美妝行業贏得一個事業的契機。
舒馬赫,透過獨家訪問和檔案影片，這部紀錄片描繪了七屆一級方程式冠軍迈克尔·舒马赫的親密肖像。
伊斯坦布爾任務：勇敢之後是勝利,一位電視記者冒著風險接受來自爭議性伊斯坦布爾電視台的工作機會，進行職業生涯上的重大轉變。
非洲裔美國人,一名不滿的南非女性離開她的未婚夫，從她的工作中盜用金錢，追求她在紐約市成為百老匯明星的夢想。
犬夜叉電影3：正義之劍,偉大的犬妖留下了牙的三劍中的一把給他的兩個兒子。現在第三把劍的邪惡力量已經被喚醒。
愛情無法擋,厭倦了帶著她的好朋友在約會場景中翻來覆去，一個迷人但又笨拙的女人，患有一種罕見的遺傳疾病，將她的目光投向了愛情。
馬津長子艾莉茲：一場犯罪的故事,這起犯罪震驚了巴西：艾麗澤·馬松納嘉（Elize Matsunaga）開槍並肢解她富有的丈夫。這部紀錄片系列深入探討這個案件，並首次呈現她的專訪。
價值,在911事件後，一名律師在試圖為失去的生命做價值評估時，面臨情感上的調整。故事改編自真實事件。
自由作家,在她那些有風險的學生閱讀一些經典作品，比如《安妮日記》的時候，一位老師要求他們寫日記，記錄他們困擾的生活。
遙遠的土地,在法羅群島，一名已婚婦女遇見了一名拍攝紀錄片的記者，他們正在拍攝一部關於海外菲律賓勞工的紀錄片，很快地就引發了一段複雜的愛情故事。
44隻貓,《毛茸茸麥克斯樂團》故事中充滿了令人驚嘆的故事，當唱歌的毛茸茸朋友Lampo、Milady、Pilou和Meatball聚在一起時。
天馬魯斯,八年前，一名年輕男子被陷害犯下謀殺案，一位新興的律師重新打開了這個案件，展開了一個艱鉅的任務，尋找真正的罪犯。
宇宙霸主：啟示录,在一場災難性的戰鬥之後，埃特尼亞遭受重創，提拉和一個不太可能的聯盟必須阻止宇宙的毀滅，這是80年代經典作品的續集。
SAS：黑天鵝的崛起,一名特種部隊成員與女友從倫敦前往巴黎，當武裝無情的僱傭兵控制了他們的火車時，他立即採取行動。
兩個父親,兩個單身男子得知他們曾經和同一位女性發生關係，後來女性在生下孩子後消失了，他們決定一起共同抚养這位女孩，成為一個家庭。
小神童的俄羅斯冒險,一台故障的交通機器將Chhota Bheem和他的朋友們帶到俄羅斯，他們必須從一位邪惡、渴望權力的魔術師手中拯救一位公主。
韓國冷麵狂想曲,清新爽口的冷麵是韓國夏天最涼爽的主食。從它的烹飪方式到受到喜愛的歷史之旅展開了。
時光列車,深入了解日本頂尖男偶像團體的美麗世界，這個揭露真相的紀錄片系列將帶你一窺日本頭號製作人總出品的Johnnys公司。
圈子,在這個社會實驗和競賽節目中，地位和策略碰撞，線上玩家們透過調情、交友和假扮來爭取10萬美元的獎金。
田納西州驚悚鬼屋2: 喬治亞的鬼魂,一對夫妻在喬治亞州的夢想之家變成了一場噩夢，因為他們的女兒開始從房產的可怕過去中看到令人恐懼的幻象。
小飆風小武士與破碎的護身符,當一個陌生人試圖從皇宮偷走一個護身符時，比姆得知了該飾物背後的悲慘故事，並前往非洲打敗真正的惡棍。
神經學教授,在被取笑肥胖後，一位善良又聰明的教授服用了一種革命性的藥物，不僅改變了他的外表，也改變了其他方面。
回到Q82,渴望重聚離異的父母，一位發明家的女兒開著他的時光旅行車回到1982年。但一位暗戀者意外地跟隨而來。
非典型家庭,當一名自閉症兒童決定尋找女朋友時，他希望擁有更多自主權，這讓整個家庭都走上了自我探索的道路。
貝多芬的第二號,在聖伯納Beethoven與Missy交配之後，他和紐頓家的孩子們必須干預，因為Missy的主人試圖出售這些小狗。
火影忍者：雪國忍者之戰,火影忍者、佐助和櫻葉得知他們將在女演員拍攝下一部電影時保護她不受傷害，但後來發現她是一位公主。
暮年狂歡會,悼念了他們所喜愛的初中籃球教練的離世，五位中年好友聚集在湖邊小屋，重新發現了童年的快樂。
C小隊,三個身無分文的朋友假裝成黑幫搶錢，但他們的計畫意外地讓他們虛假的公司變得很有名。
51號星球,在一個讓人聯想起1950年代郊區的行星上降落後，一名人類宇航員試著避免被捕獲，找回他的太空船並安全返回家園。
在拉各斯的兩週,一位商人回到尼日利亞的家鄉，愛上了朋友的妹妹，盡管他的家人計劃讓他娶一位政治家的女兒。
屠戮,在追求成功和認同感的過程中，一群精通科技的人士兼顧親密關係、第一印象和浪漫機會。
小飛俠寶爺 & 甘尼許,比姆和象頭神聯手拯救杜拉庫普，抵抗噴火龍的攻擊，並解救象頭神的老鼠夥伴！
王者廚房與其他故事,探索印度地方菜系的歷史和風味，從傳統的克什米爾盛宴到古吉拉特素食菜餚。
孟買,多年前，一對夫妻違背家人意願私奔，如今他們和兒子們陷入了城市的衝突之中。
泰戈爾故事集,諾貝爾獎得主拉賓德拉納特·泰戈爾的作品在這部故事集中變得生動，故事背景設定在20世紀初的孟加拉。
EMI: 要借錢就得還款,一家銀行聘請了一名神秘又古怪的討債人員，來向四名無法還貸的借款人追討款項。
小超人與印加冒險,當多拉克普爾的公主被綁架時，比姆前往因卡帝國拯救她，但是當他到達那裡時，他將面臨更大的挑戰。
點亮生活,在這個真人實境秀中，近藤麻理惠將她充滿喜悅的整理戰術帶給那些在工作和家庭生活間掙扎的人，同時也分享她自己的世界。
勢在必行,四位女性 ─ 一位廚師、一位單親媽媽、一位女繼承人和一位求職者 ─ 在洛杉磯疫情前熱情投入愛情和工作，並夾雜著大量的中年危機。
瀧澤歌舞伎零2020電影,超級巨星滝沢秀明將他著名的歌舞伎製作重新構想為影視作品，並邀請偶像組合Snow Man展現他們的動人才華。
未被告知的：臨界點,在美國網球的傳統中延續勝利壓力下，馬迪·費希面臨精神健康挑戰，這改變了他在球場上和生活中的人生。
露營奇遇营,在 迪士尼熱門影集《傑茜》中，羅斯兄弟姊妹在緬因州的基基瓦卡夏令營度過充滿樂趣和冒險的夏天，這裡是他們父母初次相遇的地方。
刀鋒上,在與調查一名年輕女子謀殺案的警察展開一段風流韻事後，一位與世隔絕的女教師懷疑她的情人與這起犯罪有牽連。
朱麗葉的情書,在意大利威尼斯的美國女子收到一封寄給莎士比亞悲劇女主角茱麗葉·卡普萊特的信後，展開尋找浪漫的旅程。
듰루루 - 小企鵝阿童木,在一個小島上，企鵝寶露露和他的朋友小狐狸艾迪、河狸露露、北極熊波比和恐龍可可一起度過了快樂的冒險。
彩虹,一個熱愛電影的10歲女孩和她失明的弟弟，踏上旅程前往印度，希望得到印度巨星沙魯克·汗的幫助，為弟弟爭取眼睛手術的機會。
此處與彼方,通過社交媒體上的激烈交流相遇後，兩個背景不同的人在疫情期間開始了一段網上戀情。
五呎之間,一位患有囊腫性纖維化的青少年改變了她的日常生活並挑戰醫院的規定，當她愛上了一位病房裡的病患。
靠！這才叫過癮,多年的朋友Rahul和Karan前往孟買，意在實現他們的夢想，但兩人突然遭遇了厄運。
擄兵者,一名年輕的士兵被指派捕捉逃兵，揭露了每位士兵在強制兵役期間所遭受的痛苦現實。
旅遊大世界,米洛斯·克諾爾帶領喜劇演員盧卡什·帕夫拉塞克、托馬什·馬托諾哈、艾斯特爾·科奇奇科娃、米哈爾·卡瓦爾奇克和理查德·內德維德在捷克共和國進行巡迴演出。
綠光戰警,測試飛行員哈爾·喬丹穿上異世界的戒指，發揮閃亮的新力量，幫助星際力量阻止一個強大威脅。
最後一名童軍,私家偵探喬·哈倫貝克被迫與一名聲譽受損的四分衛合作，揭露政客和足球隊老板的陰謀。
媽媽鵝俱樂部,經典的童謠和兒歌在這個高能量的節目中獲得全新的演繹，幫助孩子在跳舞和唱歌中學習。
趕緊抓住我,一名聯邦調查局特工使命在把狡猾的詐騙大師弗蘭克·阿巴格納爾小姐關進監獄。但弗蘭克不僅逃避了逮捕，還對追捕感到愉悅。
最終帳戶,這部紀錄片將從未曝光的訪談串連起來，採訪了參與希特勒第三帝國的最後一代人。
訓練日,一位菜鳥警察只有一天的時間向資深的洛杉磯警局毒品調查人員證明自己，他接受了導師可疑正義觀念的快速培訓。
親愛的約翰,一名美國士兵在暑假時愛上了一名大學生。但當他被迫重新入伍時，他們手寫的信件將這對戀人聯繫在一起。
波賽頓,一股海嘯帶來災難，一艘滿載著新年歡樂遊客的船隻翻覆，巨大的船艦傾覆了，乘客們陷入了一場生存之戰。
菇，驚奇的菇,深入探索神奇的真菌世界，從能清除油污的蘑菇到幫助樹木溝通的地下真菌網絡。
四重奏,為了拯救他們的豪華退休之家，前歌劇明星們計劃舉辦一場盛大的演奏會 — 直到她們中最大的歌劇女高音拒絕唱歌。
泰奧與小巫師,泰勞的朋友被邪惡的魔法師綁架，他為了拯救朋友，踏上了冒險之旅，因為那些魔法師入侵了他們的城市，想要找到一顆神奇的寶石。
冠軍之城高中,在一個喬治亞小鎮上，足球是主宰一切的，贏球至上。一支高中足球隊在爭奪冠軍頭銜的同時，面對愛情、對手和現實生活的挑戰。
我是卡爾,在一起大部分的家人在一次恐怖攻擊中被殺害後，一名年輕女子無意間被誘使加入了殺害他們的團體。
提提波，提提波,提提婆火車準備證明他有能力幫助火車村的人們安全可靠地騎軌。
魔法俏佳人,"在這部動畫奇幻片中，一個名叫布魯姆的女孩和一群仙女成為朋友，然後跟隨她們進入神秘而危險的""魔法屬界""。"
半人馬世界,一匹無畏的戰馬踏上尋找它可靠騎手的旅程，在一個充滿魔法、冒險和歌唱半人馬的奇幻世界中穿行。
鯊魚狗,半鯊魚，半狗，有一顆善良的心，肚子裡裝滿了魚條！鯊狗和他的人類朋友麥克斯一起，可以應付任何荒謬或骯髒的冒險。
風河徑,美國魚類和野生動物管理局的追踪員協助一名新手聯邦調查局特工調查在偏遠的懷俄明保留地上發生的一名少女的謀殺案。
我的女孩2,一位青少女為了寫一篇有關她從未見過但很敬佩的人的文章，和她已故母親的高中朋友談話時，發現了令人驚訝的事情。
強尼測試,一個富有想像力的男孩、他的忠誠狗和兩個熱愛科學的姐妹會掉入多少麻煩呢？嗯，聽起來像是一個挑戰！
鐵道師傅,二戰結束幾十年後，一名仍然心靈受創的士兵意外墜入愛河，並看到一個奇異的巧合將他的過去重新提醒起來。
